text,created_at,date,likeCount,media,outlinks,quoteCount,quotedTweet,replyCount,retweetCount,retweetedTweet,url,id,conversationId,sent_bear,sent_neut,sent_bull,matched_tickers,price_move
"With just over two weeks to go until the midterm elections, I‚Äôm thanking Democratic staff and volunteers who are getting out the vote and discussing the progress we‚Äôve made under our leadership‚Äîincluding 10 million jobs since I came into office. Tune in.
https://t.co/e0Jv5ACv3c",Mon Oct 24 17:28:03 +0000 2022,2022-10-24 17:28:03+00:00,3576,,['https://twitter.com/i/broadcasts/1yNxaNDWonRKj'],61,,1190,848,,https://twitter.com/JoeBiden/status/1584597601407705088,1584597601407705088,1584597601407705088,0.984662652015686,0.0153132816776633,2.401568053755909e-05,MSFT,down
"Let's look at the facts: The federal deficit went up every single year in the Trump administration.

On my watch, things have been different. The deficit has come down both years that I've been in office.",Sat Oct 22 15:00:15 +0000 2022,2022-10-22 15:00:15+00:00,29137,,[],848,,11135,7623,,https://twitter.com/JoeBiden/status/1583835632396251137,1583835632396251137,1583835632396251137,0.9470831155776978,4.122811515117064e-05,0.0528756380081176,MSFT,up
"In my first year in office, I protected more lands and water than any American president since John F. Kennedy. After the previous administration rolled back protections, I restored full protections to three national monuments in Utah and New England.",Thu Oct 13 20:45:02 +0000 2022,2022-10-13 20:45:02+00:00,17095,,[],230,,3800,2804,,https://twitter.com/JoeBiden/status/1580660907205480448,1580660907205480448,1580660907205480448,0.9915946125984192,0.0053915581665933,0.0030138117726892,MSFT,neutral
"When I came to office, the economy was flat on its back‚Äîmillions out of work.

So we acted quickly. We passed the American Rescue Plan, which lifted this nation from economic crisis to economic recovery. And every single Republican voted against it.",Sat Sep 24 23:01:00 +0000 2022,2022-09-24 23:01:00+00:00,29813,,[],836,,8440,6128,,https://twitter.com/JoeBiden/status/1573809756929679362,1573809756929679362,1573809756929679362,0.0366991348564624,0.081192210316658,0.8821086287498474,MSFT,neutral
Every single Republican in Congress voted against lowering costs for Americans‚Äînow every single American needs to return the favor and vote them out of office. https://t.co/xT78xqO1g7,Fri Sep 16 22:00:01 +0000 2022,2022-09-16 22:00:01+00:00,23512,"[Video(thumbnailUrl='https://pbs.twimg.com/media/Fcx2UV_XgAArafi.jpg', variants=[VideoVariant(contentType='video/mp4', url='https://video.twimg.com/amplify_video/1570428195152740360/vid/720x720/_07vlS7LzLC83Vm7.mp4?tag=14', bitrate=1280000), VideoVariant(contentType='video/mp4', url='https://video.twimg.com/amplify_video/1570428195152740360/vid/540x540/Fn_N959IKSaA-hQx.mp4?tag=14', bitrate=832000), VideoVariant(contentType='application/x-mpegURL', url='https://video.twimg.com/amplify_video/1570428195152740360/pl/oTBgRyOjOTcHBZYR.m3u8?tag=14&container=fmp4', bitrate=None), VideoVariant(contentType='video/mp4', url='https://video.twimg.com/amplify_video/1570428195152740360/vid/320x320/LkB0nUxXUCqU2D6S.mp4?tag=14', bitrate=432000)], duration=25.0, type='video')]",[],487,,3695,6486,,https://twitter.com/JoeBiden/status/1570895307940003840,1570895307940003840,1570895307940003840,0.9976723790168762,0.0022080689668655,0.0001195239892695,MSFT,neutral
"We're bringing back U.S. manufacturing jobs‚Äî680,000 jobs since I took office.",Fri Sep 16 18:54:01 +0000 2022,2022-09-16 18:54:01+00:00,19931,,[],256,,3152,3342,,https://twitter.com/JoeBiden/status/1570848495900233732,1570848495900233732,1570848495900233732,0.9999728202819824,2.526691332604969e-06,2.469744140398689e-05,MSFT,neutral
"Every Republican in Congress voted against lowering prescription drug costs, health care costs, tackling the climate crisis, lowering energy costs, creating good-paying jobs, and a fairer tax system.

Every single American needs to return the favor and vote them out of office.",Sat Sep 10 21:15:01 +0000 2022,2022-09-10 21:15:01+00:00,60374,,[],905,,6311,14518,,https://twitter.com/JoeBiden/status/1568709652774526977,1568709652774526977,1568709652774526977,0.8917919397354126,0.1080103516578674,0.0001977210049517,MSFT,down
"Since I took office, our economy has created nearly 10 million new jobs and 668,000 manufacturing jobs. Proof that ‚ÄòMade in America‚Äô is no longer just a slogan. It's a reality today‚Äîand it's just beginning.",Sat Sep 10 00:01:00 +0000 2022,2022-09-10 00:01:00+00:00,25577,,[],377,,4998,4415,,https://twitter.com/JoeBiden/status/1568389038331277312,1568389038331277312,1568389038331277312,0.7814154624938965,0.1936985105276107,0.0248860325664281,MSFT,down
"Since I took office, we've been committed to making sure every parent has the opportunity to protect their children from COVID-19.

Starting this week, you can go to https://t.co/EwdQ2dXioe and find information and appointments near you. https://t.co/RRO6auk1j7",Wed Jun 22 23:52:00 +0000 2022,2022-06-22 23:52:00+00:00,5151,"[Video(thumbnailUrl='https://pbs.twimg.com/media/FV4B7ExWYAE6OO3.jpg', variants=[VideoVariant(contentType='video/mp4', url='https://video.twimg.com/amplify_video/1539669307898171393/vid/320x320/4zDW-H1NFiwbuGSj.mp4?tag=14', bitrate=432000), VideoVariant(contentType='video/mp4', url='https://video.twimg.com/amplify_video/1539669307898171393/vid/540x540/UcCnjXJ30JLk2b3_.mp4?tag=14', bitrate=832000), VideoVariant(contentType='application/x-mpegURL', url='https://video.twimg.com/amplify_video/1539669307898171393/pl/qwdIpAYqsiTz6qyO.m3u8?tag=14&container=fmp4', bitrate=None), VideoVariant(contentType='video/mp4', url='https://video.twimg.com/amplify_video/1539669307898171393/vid/720x720/-4DOPo8PiBLIN6KA.mp4?tag=14', bitrate=1280000)], duration=17.083, type='video')]",['http://vaccines.gov'],207,,2024,840,,https://twitter.com/JoeBiden/status/1539758130313056257,1539758130313056257,1539758130313056257,0.9985814094543456,0.0014015672495588,1.6989250070764683e-05,MSFT,up
"In May, the economy ‚Äã‚Äãadded 390,000 jobs, bringing the total to 8.7 million jobs created since I took office‚Äîan all-time record.",Fri Jun 17 22:00:17 +0000 2022,2022-06-17 22:00:17+00:00,23246,,[],476,,4026,3794,,https://twitter.com/JoeBiden/status/1537918075978145795,1537918075978145795,1537918075978145795,0.5511415600776672,0.4481928944587707,0.0006655543111264,MSFT,neutral
"We've come a long way in a short time.

Before we were sworn in, so many Americans lost their jobs that my predecessor became the second president in history to leave office with fewer jobs than when he took office. https://t.co/ODjyCY3ktO",Fri Jun 17 00:47:12 +0000 2022,2022-06-17 00:47:12+00:00,5609,"[Video(thumbnailUrl='https://pbs.twimg.com/media/FVak8--WIAIxQGc.jpg', variants=[VideoVariant(contentType='video/mp4', url='https://video.twimg.com/amplify_video/1537597647426658305/vid/720x720/ROoEYoHgdEvaXbAY.mp4?tag=14', bitrate=1280000), VideoVariant(contentType='video/mp4', url='https://video.twimg.com/amplify_video/1537597647426658305/vid/320x320/eiolOIM0mnSVQa5t.mp4?tag=14', bitrate=432000), VideoVariant(contentType='application/x-mpegURL', url='https://video.twimg.com/amplify_video/1537597647426658305/pl/wW_CEatg4jz9dA57.m3u8?tag=14&container=fmp4', bitrate=None), VideoVariant(contentType='video/mp4', url='https://video.twimg.com/amplify_video/1537597647426658305/vid/540x540/PA-g9gIDPpSRKvpB.mp4?tag=14', bitrate=832000)], duration=32.165, type='video')]",[],177,,2258,1052,,https://twitter.com/JoeBiden/status/1537597695350784003,1537597695350784003,1537597695350784003,0.9929983615875244,9.959420276572928e-05,0.0069020916707813,MSFT,neutral
"Under my predecessor, the deficit rose every single year he was in office.

Under my plan, we‚Äôre on track to cut the deficit by $1.7 trillion this year‚Äîthe largest decline in American history. https://t.co/QGmjNPOklQ",Thu Jun 16 17:07:17 +0000 2022,2022-06-16 17:07:17+00:00,8428,"[Video(thumbnailUrl='https://pbs.twimg.com/media/FVY7r9BXwAY7dzW.jpg', variants=[VideoVariant(contentType='application/x-mpegURL', url='https://video.twimg.com/amplify_video/1537481891183460352/pl/qUArCAVIXx7rI9h6.m3u8?tag=14&container=fmp4', bitrate=None), VideoVariant(contentType='video/mp4', url='https://video.twimg.com/amplify_video/1537481891183460352/vid/320x320/d1cHoTrlub0jUywd.mp4?tag=14', bitrate=432000), VideoVariant(contentType='video/mp4', url='https://video.twimg.com/amplify_video/1537481891183460352/vid/540x540/Tvx34YDsQfHTiXg1.mp4?tag=14', bitrate=832000), VideoVariant(contentType='video/mp4', url='https://video.twimg.com/amplify_video/1537481891183460352/vid/720x720/f5tyPpclzVs_Ow5i.mp4?tag=14', bitrate=1280000)], duration=25.258, type='video')]",[],235,,2441,1571,,https://twitter.com/JoeBiden/status/1537481954077331456,1537481954077331456,1537481954077331456,0.957706868648529,0.0009924098849296,0.04130070656538,MSFT,neutral
"Pride is about courage and justice.

Since my first day in office, I've signed a comprehensive executive order to protect LGBTQ+ rights, reinforced federal protections for transgender kids, and launched a whole-of-government initiative to advance equity in LGBTQ+ communities.",Wed Jun 01 22:25:00 +0000 2022,2022-06-01 22:25:00+00:00,14702,,[],248,,2491,1968,,https://twitter.com/JoeBiden/status/1532126093293010945,1532126093293010945,1532126093293010945,0.9560884237289428,0.0437698177993297,0.000141833021189,MSFT,neutral
"When I ran for office, I said I wanted to rebuild the backbone of our economy‚Äîthe middle class.

Because I believe that everybody does better when everybody is in on the deal. https://t.co/0BTVvg2bde",Tue May 17 20:39:03 +0000 2022,2022-05-17 20:39:03+00:00,6324,"[Photo(previewUrl='https://pbs.twimg.com/media/FS_MdN6WAAACkuY?format=jpg&name=small', fullUrl='https://pbs.twimg.com/media/FS_MdN6WAAACkuY?format=jpg&name=large', type='photo')]",[],289,,2876,1061,,https://twitter.com/JoeBiden/status/1526663608855412740,1526663608855412740,1526663608855412740,0.5939452052116394,0.4059948623180389,6.00036364630796e-05,MSFT,down
"During my first year in office, American agriculture exports shattered all previous records‚Äî$177 billion last year alone.

We have to keep investing in our farmers to reduce prices for consumers.",Fri May 13 19:00:21 +0000 2022,2022-05-13 19:00:21+00:00,12662,,[],316,,3293,2343,,https://twitter.com/JoeBiden/status/1525189221794840576,1525189221794840576,1525189221794840576,0.0014298529131338,0.1270650923252105,0.8715050220489502,MSFT,up
"When I took office, there were around 20 million people relying on unemployment benefits to feed their families; today, that number is around 1 million‚Äîthe lowest since 1970.

We are building an economy that values the dignity of work.",Sat May 07 23:39:00 +0000 2022,2022-05-07 23:39:00+00:00,25047,,[],619,,5873,3901,,https://twitter.com/JoeBiden/status/1523085018805202944,1523085018805202944,1523085018805202944,0.812635064125061,0.0009048833162523,0.1864600777626037,MSFT,neutral
"All the talk about the deficit from my Republican friends‚ÄîI love it.

The deficit was reduced by $350 billion in my first year in office, and we are on track to reduce it by another $1.5 trillion.",Fri May 06 17:29:01 +0000 2022,2022-05-06 17:29:01+00:00,32844,,[],736,,4984,6266,,https://twitter.com/JoeBiden/status/1522629518808301572,1522629518808301572,1522629518808301572,0.4953553378582001,0.4843580424785614,0.0202865786850452,MSFT,down
"America is back to work.

Our economy added 7.9 million jobs since I took office‚Äîmore jobs created on average per month than under any other president in history. That‚Äôs millions of families with a little more breathing room and the dignity a job provides.",Sat Apr 09 20:33:00 +0000 2022,2022-04-09 20:33:00+00:00,18364,,[],485,,5736,2803,,https://twitter.com/JoeBiden/status/1512891350206791681,1512891350206791681,1512891350206791681,0.9890484809875488,0.0097753498703241,0.001176054473035,MSFT,down
"In March, the unemployment rate fell to 3.6%, down from 6.4% when I took office about 15 months ago ‚Äì the fastest decline in unemployment to start a president's term ever recorded.",Sat Apr 02 22:38:00 +0000 2022,2022-04-02 22:38:00+00:00,37375,,[],647,,5413,5474,,https://twitter.com/JoeBiden/status/1510386091941150721,1510386091941150721,1510386091941150721,0.0017186327604576,0.0006246150005608,0.9976567029953004,MSFT,neutral
"Before I took office, people were hurting and we had to act. We passed the American Rescue Plan without a single, solitary Republican vote.

Few pieces of legislation in our history have done more to lift the country out of crisis.",Sun Mar 13 16:51:00 +0000 2022,2022-03-13 16:51:00+00:00,34313,,[],750,,7736,5004,,https://twitter.com/JoeBiden/status/1503051009911930883,1503051009911930883,1503051009911930883,0.5366038084030151,0.2550742626190185,0.2083219289779663,MSFT,up
"Before the American Rescue Plan passed, the Congressional Budget Office projected that it would take until 2023 to get to a 4.8% unemployment rate.

We hit that rate in October of 2021.",Sat Oct 09 21:08:01 +0000 2021,2021-10-09 21:08:01+00:00,18732,,[],225,,1803,3209,,https://twitter.com/JoeBiden/status/1446945570753589254,1446945570753589254,1446945570753589254,0.9976736903190612,1.3307274457474705e-05,0.0023129342589527,MSFT,neutral
"California, today is Election Day. We‚Äôre counting on you to vote NO on the recall to keep @GavinNewsom in office and California moving forward.

Polls are open until 8pm. Make your voice heard.",Tue Sep 14 13:14:37 +0000 2021,2021-09-14 13:14:37+00:00,35114,,[],434,,2419,6207,,https://twitter.com/JoeBiden/status/1437766739627057159,1437766739627057159,1437766739627057159,0.9999842643737792,3.4430609048285987e-06,1.2303152288950514e-05,MSFT,neutral
"Grassroots supporters made it possible for us to pass the American Rescue Plan and start getting our country back on track‚Äîbut our work is far from over. Please consider chipping in to support Democrats running for office in 2021, 2022, and beyond.
https://t.co/XfbPPFvKr8",Sat May 29 15:31:17 +0000 2021,2021-05-29 15:31:17+00:00,7904,,['https://secure.actblue.com/donate/democratic-fight-fund-may-deadline-2021?refcode=tw_20210529_jb'],138,,5842,1173,,https://twitter.com/JoeBiden/status/1398663242675806212,1398663242675806212,1398663242675806212,0.9991849064826964,0.0004661176353693,0.0003490459057502,MSFT,neutral
"Before we took office, the economy added back 60,000 jobs per month. It‚Äôs now adding back 500,000 jobs per month.

In fact, we've created 1.5 million jobs‚Äîmore jobs than have ever been created in the first three months of any president in our nation's history.",Fri May 28 21:06:12 +0000 2021,2021-05-28 21:06:12+00:00,59910,,[],830,,5513,6629,,https://twitter.com/JoeBiden/status/1398385137402843137,1398385137402843137,1398385137402843137,0.3357056379318237,0.660035252571106,0.0042590680532157,MSFT,neutral
"Once in office, I will be asking the American people to wear a mask for the first 100 days of my administration. Not as a political statement, but as a patriotic duty. https://t.co/0Uayw4sAs7",Tue Dec 29 23:50:00 +0000 2020,2020-12-29 23:50:00+00:00,66605,"[Video(thumbnailUrl='https://pbs.twimg.com/amplify_video_thumb/1344063650496213001/img/ueIfSwAqLgwaDtsk.jpg', variants=[VideoVariant(contentType='video/mp4', url='https://video.twimg.com/amplify_video/1344063650496213001/vid/320x320/P0T8Rkk4rTUyOHBI.mp4?tag=13', bitrate=432000), VideoVariant(contentType='video/mp4', url='https://video.twimg.com/amplify_video/1344063650496213001/vid/480x480/hQiaBfqF39U9TjYn.mp4?tag=13', bitrate=832000), VideoVariant(contentType='application/x-mpegURL', url='https://video.twimg.com/amplify_video/1344063650496213001/pl/Q4GUHlGJj6pLTts_.m3u8?tag=13', bitrate=None), VideoVariant(contentType='video/mp4', url='https://video.twimg.com/amplify_video/1344063650496213001/vid/720x720/TDH2dRK-KCoAotyt.mp4?tag=13', bitrate=1280000)], duration=53.387, type='video')]",[],3458,,16872,7126,,https://twitter.com/JoeBiden/status/1344068179463700480,1344068179463700480,1344068179463700480,0.9998074173927308,2.9027067284914665e-05,0.0001635552180232,MSFT,neutral
"Today, I have named a COVID-19 Transition Advisory Board, comprised of distinguished public health experts, to help our transition team translate the Biden-Harris COVID-19 plan into a blueprint we can put into place as soon as @KamalaHarris and I are sworn into office.",Mon Nov 09 18:37:00 +0000 2020,2020-11-09 18:37:00+00:00,310105,,[],3793,,8891,22274,,https://twitter.com/JoeBiden/status/1325870017401905152,1325870017401905152,1325870017401905152,0.9999771118164062,1.927571247506421e-05,3.603126515372424e-06,MSFT,neutral
"The presidency, itself, is not a partisan institution. It's the one office in the nation that represents everyone and it demands a duty of care for all Americans, and that is precisely what I will do.",Wed Nov 04 21:45:00 +0000 2020,2020-11-04 21:45:00+00:00,253682,,[],2854,,4459,21401,,https://twitter.com/JoeBiden/status/1324105390049488896,1324105390049488896,1324105390049488896,0.9998239874839784,0.0001028330152621,7.318523421417922e-05,MSFT,up
".@BarackObama and I have seen the office of the presidency up close, we know what the job entails, and there's too much at stake to give Donald Trump another four years.

Vote: https://t.co/eoxT07uII9 https://t.co/7imuWqlZSN",Sun Nov 01 03:45:00 +0000 2020,2020-11-01 03:45:00+00:00,28593,"[Photo(previewUrl='https://pbs.twimg.com/media/EltVsQ3X0AAIWCl?format=jpg&name=small', fullUrl='https://pbs.twimg.com/media/EltVsQ3X0AAIWCl?format=jpg&name=large', type='photo')]",['http://iwillvote.com'],394,,2304,3456,,https://twitter.com/JoeBiden/status/1322746435071139840,1322746435071139840,1322746435071139840,0.9999393224716188,7.594534054078394e-06,5.3018015023553744e-05,MSFT,up
"Let me be clear: Hardworking Americans should not be paying more in federal income taxes than Amazon or Netflix.

It‚Äôs time for big corporations to finally pay their fair share.",Fri Oct 30 20:15:00 +0000 2020,2020-10-30 20:15:00+00:00,122435,,[],1625,,3824,15209,,https://twitter.com/JoeBiden/status/1322270801370902528,1322270801370902528,1322270801370902528,0.9995774626731871,0.0001835970469983,0.0002388882130617,NFLX,down
"I join Israelis in honoring Prime Minister Yitzhak Rabin z""l, 25 years after his assassination. He led a life of service to his country and its security ‚Äî and bravely gave his life pursuing peace. I was honored to call him a friend.",Thu Oct 29 17:15:00 +0000 2020,2020-10-29 17:15:00+00:00,35697,,[],565,,1518,3525,,https://twitter.com/JoeBiden/status/1321863115680567297,1321863115680567297,1321863115680567297,0.9658393263816832,0.0340991020202636,6.154371658340096e-05,AMZN,down
"You can't make this up: Yesterday, the White House science office put out a statement listing ""ending the COVID-19 pandemic"" as the top accomplishment of President Trump's first term.
https://t.co/46VkWJE0GN",Wed Oct 28 21:26:00 +0000 2020,2020-10-28 21:26:00+00:00,62668,,['https://www.politico.com/news/2020/10/27/white-house-science-office-ending-pandemic-432827'],3142,,6153,10754,,https://twitter.com/JoeBiden/status/1321563893001408512,1321563893001408512,1321563893001408512,0.9967592358589172,0.0031726220622658,6.816287350375205e-05,MSFT,down
"The simple, sad truth is that this president is not in office to serve the American people. He‚Äôs in it to serve himself.

@KamalaHarris and I are in this for you and your families. https://t.co/mV9ONHhn1b",Tue Oct 20 14:36:00 +0000 2020,2020-10-20 14:36:00+00:00,54143,,['https://www.tampabay.com/opinion/2020/10/19/im-joe-biden-and-floridians-heres-my-plan-column/'],883,,5620,10249,,https://twitter.com/JoeBiden/status/1318561610235981824,1318561610235981824,1318561610235981824,0.9998806715011596,1.4749785805179272e-05,0.0001044927921611,MSFT,neutral
"The unrelenting impact of climate change affects every single one of us.

It requires action, not denial. It requires leadership, not scapegoating.

It requires a president to meet the threshold duty of the office ‚Äî to care, for everyone.",Fri Sep 25 22:05:00 +0000 2020,2020-09-25 22:05:00+00:00,36491,,[],694,,4722,7058,,https://twitter.com/JoeBiden/status/1309614908636409856,1309614908636409856,1309614908636409856,0.9999172687530518,1.0484273843758274e-05,7.227411697385833e-05,MSFT,up
"In-person early voting should be easy and convenient for all. The Flint, MI City Clerk's office will be open the last three weekends before Election Day for folks to cast their ballots. It's an example that cities and states across the country should follow.",Thu Sep 24 20:56:55 +0000 2020,2020-09-24 20:56:55+00:00,51560,,[],407,,1770,10834,,https://twitter.com/JoeBiden/status/1309235386242215940,1309235386242215940,1309235386242215940,0.9986926913261414,0.0013060527853667,1.2901468835480046e-06,MSFT,up
"Donald Trump ran for office saying he would represent the forgotten men and women of this country ‚Äî and as soon as he got in office, he forgot about us.",Tue Sep 22 00:45:00 +0000 2020,2020-09-22 00:45:00+00:00,149575,,[],5625,,32955,23658,,https://twitter.com/JoeBiden/status/1308205622039437312,1308205622039437312,1308205622039437312,0.9993721842765808,6.059362078758569e-08,0.0006277076317928,MSFT,up
"The fact is, Iran is closer to a nuclear bomb today than it was when Donald Trump took office.

Every day he‚Äôs in charge of our national security is another day our enemies are emboldened and the American people are at risk. https://t.co/hEMkpGARuo",Tue Sep 15 01:30:00 +0000 2020,2020-09-15 01:30:00+00:00,32818,,['https://www.cnn.com/2020/09/13/opinions/smarter-way-to-be-tough-on-iran-joe-biden/index.html'],1211,,6877,8543,,https://twitter.com/JoeBiden/status/1305680232469467137,1305680232469467137,1305680232469467137,0.6135621070861816,0.0001393562415614,0.3862985074520111,MSFT,down
"Donald Trump promised to be ""the greatest jobs president God ever created.""

But in reality, he's on track to become the first president in modern history to leave office with fewer jobs than when he entered.

American workers can't take four more years of his failed leadership.",Sun Sep 06 22:15:00 +0000 2020,2020-09-06 22:15:00+00:00,87700,,[],1835,,11039,18810,,https://twitter.com/JoeBiden/status/1302732055214653441,1302732055214653441,1302732055214653441,0.9284146428108216,0.0520719774067401,0.0195132996886968,MSFT,up
"When President Trump took office, he inherited a growing economy from the Obama-Biden administration. And just like everything else he‚Äôs inherited in his life, he squandered it. https://t.co/tTBD8lRC1c",Fri Aug 28 02:24:00 +0000 2020,2020-08-28 02:24:00+00:00,27125,"[Video(thumbnailUrl='https://pbs.twimg.com/media/EgeT26rX0AETlqO.jpg', variants=[VideoVariant(contentType='video/mp4', url='https://video.twimg.com/amplify_video/1299169486503899136/vid/320x320/J7ft_5CF1BCL-aGz.mp4?tag=13', bitrate=432000), VideoVariant(contentType='application/x-mpegURL', url='https://video.twimg.com/amplify_video/1299169486503899136/pl/djiXrDTHH8UBCYjf.m3u8?tag=13', bitrate=None), VideoVariant(contentType='video/mp4', url='https://video.twimg.com/amplify_video/1299169486503899136/vid/480x480/Gan9S3MXi2844rtZ.mp4?tag=13', bitrate=832000), VideoVariant(contentType='video/mp4', url='https://video.twimg.com/amplify_video/1299169486503899136/vid/720x720/C5UDtU_ahBMgIDq5.mp4?tag=13', bitrate=1280000)], duration=7.867, type='video')]",[],633,,1939,9314,,https://twitter.com/JoeBiden/status/1299170839410216961,1299170839410216961,1299170839410216961,0.9997498393058776,0.000195973101654,5.423873153631576e-05,MSFT,neutral
President Obama and I established a White House office to prepare our nation for future pandemics. Donald Trump eliminated it ‚Äî and we've been paying the price every single day.,Mon Aug 24 00:37:00 +0000 2020,2020-08-24 00:37:00+00:00,194130,,[],2192,,9056,35599,,https://twitter.com/JoeBiden/status/1297694360545484801,1297694360545484801,1297694360545484801,0.999589502811432,1.1795255886681844e-05,0.000398724048864,MSFT,up
"Giving the Trump administration another four years in office would have catastrophic implications for future generations. His victory would threaten the future of our democracy, and we must vote him out this November. https://t.co/iIFPTIB1Er",Sun Aug 09 13:00:00 +0000 2020,2020-08-09 13:00:00+00:00,49077,,['http://Iwillvote.com'],912,,4243,11541,,https://twitter.com/JoeBiden/status/1292445526005252096,1292445526005252096,1292445526005252096,0.7468834519386292,0.0008993025403469,0.2522172629833221,MSFT,neutral
Let me be clear: Voting is a right ‚Äî not a privilege. Anyone who tells you otherwise can‚Äôt be trusted to hold the highest office in this land.,Thu Aug 06 20:25:00 +0000 2020,2020-08-06 20:25:00+00:00,143404,,[],1413,,7356,23874,,https://twitter.com/JoeBiden/status/1291470348928475136,1291470348928475136,1291470348928475136,0.956800639629364,0.0413347892463207,0.0018645535456016,MSFT,neutral
"I‚Äôve said it before, and I‚Äôll say it again: Donald Trump is the most corrupt president in modern American history. Every day that he remains in office, he further threatens the future of our democracy.

We have to vote him out this November. https://t.co/FuoAnNzgHG",Sat Jul 11 20:46:28 +0000 2020,2020-07-11 20:46:28+00:00,102398,,['https://twitter.com/washingtonpost/status/1281741565648605190'],1707,https://twitter.com/washingtonpost/status/1281741565648605190,9407,20324,,https://twitter.com/JoeBiden/status/1282053668280434689,1282053668280434689,1282053668280434689,0.9660345315933228,9.451256119064055e-06,0.0339560285210609,MSFT,down
"‚ÄúIf you put the wrong person in office, you'll see things that you would not have believed are possible."" https://t.co/8gDSbOJbeS",Fri Jul 03 23:34:32 +0000 2020,2020-07-03 23:34:32+00:00,95097,"[Video(thumbnailUrl='https://pbs.twimg.com/amplify_video_thumb/1279196001778184193/img/F3rihBKvtpSmQfwt.jpg', variants=[VideoVariant(contentType='video/mp4', url='https://video.twimg.com/amplify_video/1279196001778184193/vid/320x320/mOAnJiqJaIL97BW_.mp4?tag=13', bitrate=432000), VideoVariant(contentType='application/x-mpegURL', url='https://video.twimg.com/amplify_video/1279196001778184193/pl/ZUvH7oOj6FEOKbja.m3u8?tag=13', bitrate=None), VideoVariant(contentType='video/mp4', url='https://video.twimg.com/amplify_video/1279196001778184193/vid/720x720/hNdkGdKUqPax91ZA.mp4?tag=13', bitrate=1280000), VideoVariant(contentType='video/mp4', url='https://video.twimg.com/amplify_video/1279196001778184193/vid/480x480/bzJ_tM13yLXLs_sG.mp4?tag=13', bitrate=832000)], duration=35.244, type='video')]",[],2986,,5954,32123,,https://twitter.com/JoeBiden/status/1279196860847095809,1279196860847095809,1279196860847095809,0.9980626702308656,0.0004207046586088,0.0015166584635153,MSFT,up
"Every day that Donald Trump sits in the Oval Office, he proves just how unfit he is to lead our nation.",Sat Jun 27 20:12:00 +0000 2020,2020-06-27 20:12:00+00:00,160263,,[],2858,,15160,25149,,https://twitter.com/JoeBiden/status/1276971562843795457,1276971562843795457,1276971562843795457,0.9999886751174928,9.672014130046591e-06,1.626162884349469e-06,MSFT,up
"I'm ready on day one. After more than three years in office, why isn't Donald Trump ready? https://t.co/ksgxTsG7QK",Fri Jun 19 00:00:00 +0000 2020,2020-06-19 00:00:00+00:00,19747,"[Video(thumbnailUrl='https://pbs.twimg.com/media/Ea1JkimWAAId01J.jpg', variants=[VideoVariant(contentType='video/mp4', url='https://video.twimg.com/amplify_video/1273754502034870273/vid/480x480/Rq_ptXP6BfVeka0I.mp4?tag=13', bitrate=832000), VideoVariant(contentType='video/mp4', url='https://video.twimg.com/amplify_video/1273754502034870273/vid/320x320/FZ3BnOOtSdW03IJv.mp4?tag=13', bitrate=432000), VideoVariant(contentType='application/x-mpegURL', url='https://video.twimg.com/amplify_video/1273754502034870273/pl/DWec18x9d2tpO4WT.m3u8?tag=13', bitrate=None), VideoVariant(contentType='video/mp4', url='https://video.twimg.com/amplify_video/1273754502034870273/vid/720x720/MLTJjtYDRrgVCXDQ.mp4?tag=13', bitrate=1280000)], duration=75.701, type='video')]",[],483,,2917,4252,,https://twitter.com/JoeBiden/status/1273767450543304705,1273767450543304705,1273767450543304705,0.9999709129333496,1.3390604181040544e-05,1.569107553223148e-05,MSFT,up
We can't let history repeat itself ‚Äî Facebook needs to act now to stop the spread of disinformation and protect our elections. Watch my deputy campaign manager Kate Bedingfield break down what's happening and how you can help us fix it: https://t.co/WYMMAWkuLZ https://t.co/OGG2wwtW2P,Fri Jun 12 00:05:00 +0000 2020,2020-06-12 00:05:00+00:00,12083,"[Video(thumbnailUrl='https://pbs.twimg.com/amplify_video_thumb/1271226449941467137/img/nbdhof4drT6xXzXq.jpg', variants=[VideoVariant(contentType='application/x-mpegURL', url='https://video.twimg.com/amplify_video/1271226449941467137/pl/o39pWhIVjnHMFYwN.m3u8?tag=13', bitrate=None), VideoVariant(contentType='video/mp4', url='https://video.twimg.com/amplify_video/1271226449941467137/vid/320x320/Jey1Lrh9M4tYkjKe.mp4?tag=13', bitrate=432000), VideoVariant(contentType='video/mp4', url='https://video.twimg.com/amplify_video/1271226449941467137/vid/480x480/nuoruApLGBQy6jgA.mp4?tag=13', bitrate=832000), VideoVariant(contentType='video/mp4', url='https://video.twimg.com/amplify_video/1271226449941467137/vid/720x720/ZnOMD2YZw2O8Dkdg.mp4?tag=13', bitrate=1280000)], duration=132.174, type='video')]",['http://JoeBiden.com/Facebook'],425,,1586,4867,,https://twitter.com/JoeBiden/status/1271231993607598084,1271231993607598084,1271231993607598084,0.999675154685974,0.0002074047370115,0.0001175324214273,META,up
"With less than 150 days until Election Day, the stakes couldn't be higher. We've got to fix Facebook to protect our democracy and ensure fair elections.

If you agree, sign the open letter today to demand Facebook take action. #MoveFastFixIt https://t.co/6Hmta4UxS9",Thu Jun 11 16:16:59 +0000 2020,2020-06-11 16:16:59+00:00,6420,,['https://joe.link/2XSlbZZ'],143,,655,1572,,https://twitter.com/JoeBiden/status/1271114212333453312,1271114212333453312,1271114210613899264,0.998856782913208,0.000592608936131,0.0005505954031832,META,down
"So far, Facebook has failed to enact any real reforms to stop the spread of disinformation on its platform. Time is running out.

Today, we're releasing an open letter demanding the company change its policies: https://t.co/S1WIQTsfEL",Thu Jun 11 16:16:58 +0000 2020,2020-06-11 16:16:58+00:00,11964,,['https://joebiden.com/facebook/'],236,,607,3103,,https://twitter.com/JoeBiden/status/1271114211410706432,1271114211410706432,1271114210613899264,0.9986805319786072,4.825716314371675e-05,0.0012712809257209,META,down
13 million people who had jobs when you took office are unemployed today. https://t.co/ofW1fjXe3I,Tue Jun 09 15:32:35 +0000 2020,2020-06-09 15:32:35+00:00,137874,,['https://twitter.com/realDonaldTrump/status/1270332321133182977'],3448,https://twitter.com/realDonaldTrump/status/1270332321133182977,17824,26237,,https://twitter.com/JoeBiden/status/1270378266684252160,1270378266684252160,1270378266684252160,0.9999265670776368,1.1137944966321811e-06,7.23607954569161e-05,MSFT,neutral
"I can't hit the campaign trail in-person due to COVID-19 ‚Äî so instead, I‚Äôm traveling across the country from my home in Delaware. Head over to my Instagram to catch up on today‚Äôs trip to Florida üì≤.",Fri May 08 02:25:00 +0000 2020,2020-05-08 02:25:00+00:00,41540,,[],393,,2663,6815,,https://twitter.com/JoeBiden/status/1258583650150477830,1258583650150477830,1258583650150477830,0.9999058246612548,1.1779087799368426e-05,8.232996333390474e-05,META,neutral
"We left a playbook. He ignored it.

We created an office to prepare for pandemics. He gutted it.

We had CDC officials in China to detect and contain outbreaks. He pulled them out.

Trump can try and shift blame all he wants, but the fact is his actions left us unprepared. https://t.co/NdsINZ307m",Sat May 02 19:29:01 +0000 2020,2020-05-02 19:29:01+00:00,142121,,['https://twitter.com/voxdotcom/status/1255950102335717379'],3351,https://twitter.com/voxdotcom/status/1255950102335717379,7504,50891,,https://twitter.com/JoeBiden/status/1256667024912244736,1256667024912244736,1256667024912244736,0.9928298592567444,5.256531221675687e-05,0.0071176472119987,MSFT,up
@OfficialJLD Stranger things have happened.,Wed Apr 22 22:18:53 +0000 2020,2020-04-22 22:18:53+00:00,6778,,[],21,,109,369,,https://twitter.com/JoeBiden/status/1253085894380322817,1253085894380322817,1253061318019411968,0.8181230425834656,0.0006276036147028,0.1812493652105331,NFLX,down
The office of the presidency comes with the ultimate responsibility for the biggest decisions in the world. Every great president throughout our history has met that duty with the leadership it demands. Donald Trump has not. https://t.co/Dn9Gj50Dev,Mon Apr 20 21:25:00 +0000 2020,2020-04-20 21:25:00+00:00,56153,"[Video(thumbnailUrl='https://pbs.twimg.com/media/EWE6ZuCUcAE99bq.jpg', variants=[VideoVariant(contentType='video/mp4', url='https://video.twimg.com/amplify_video/1252346099949424640/vid/720x720/l7NQVXHktvHv5htU.mp4?tag=13', bitrate=1280000), VideoVariant(contentType='video/mp4', url='https://video.twimg.com/amplify_video/1252346099949424640/vid/480x480/t3yhH5OoaVI3Onvy.mp4?tag=13', bitrate=832000), VideoVariant(contentType='video/mp4', url='https://video.twimg.com/amplify_video/1252346099949424640/vid/320x320/ISlfG29-gYV0jq7O.mp4?tag=13', bitrate=432000), VideoVariant(contentType='application/x-mpegURL', url='https://video.twimg.com/amplify_video/1252346099949424640/pl/lNUDWIsEv7tHAHKC.m3u8?tag=13', bitrate=None)], duration=46.338, type='video')]",[],2483,,3328,23649,,https://twitter.com/JoeBiden/status/1252347558988525568,1252347558988525568,1252347558988525568,0.999919295310974,2.8795171601814214e-05,5.179602885618806e-05,MSFT,down
I am not running for office to be King of America. I respect the Constitution. I‚Äôve read the Constitution. I‚Äôve sworn an oath to it many times. I respect the great job so many of this country‚Äôs governors ‚Äî Democratic and Republican ‚Äî are doing under these horrific circumstances. https://t.co/vMtcfD45mG,Tue Apr 14 14:14:19 +0000 2020,2020-04-14 14:14:19+00:00,69186,,['https://twitter.com/CNN/status/1249836796780916736'],768,https://twitter.com/CNN/status/1249836796780916736,2513,14720,,https://twitter.com/JoeBiden/status/1250064846869221381,1250064846869221381,1250064846869221381,0.99998939037323,3.984860086347908e-06,6.721358204231365e-06,MSFT,up
"Secretary Modly's resignation is appropriate and called for. His disparaging remarks were far beneath the dignity of the office he held. Our sailors, our nation, and Captain Crozier deserve better. https://t.co/cYW1qGhqqH",Tue Apr 07 20:45:18 +0000 2020,2020-04-07 20:45:18+00:00,36764,,['https://twitter.com/WSJ/status/1247608124879577093'],230,https://twitter.com/WSJ/status/1247608124879577093,908,7236,,https://twitter.com/JoeBiden/status/1247626527489044481,1247626527489044481,1247626527489044481,0.99928480386734,0.0006579309701919,5.726900781155564e-05,MSFT,neutral
"If I were President, here's what I would do right now:

- Use all available authorities to turn the tide on this epidemic
- Launch a task force to ensure money rapidly gets to people who need it
- Bring leaders of Congress together to build the next deal https://t.co/F14kf8MRUF",Thu Mar 26 20:00:01 +0000 2020,2020-03-26 20:00:01+00:00,17350,,['https://joebiden.com/the-biden-emergency-action-plan-to-save-the-economy/'],2426,,5262,4881,,https://twitter.com/JoeBiden/status/1243266475965775881,1243266475965775881,1243266475965775881,0.9933186769485474,0.0066631520166993,1.8143320630770177e-05,PG,up
Whether you‚Äôre in the Oval Office or on our party‚Äôs debate stage: racial profiling is wrong. Period. #DemDebate https://t.co/eeBqyEU9LB,Thu Feb 20 03:26:49 +0000 2020,2020-02-20 03:26:49+00:00,2153,"[Video(thumbnailUrl='https://pbs.twimg.com/amplify_video_thumb/1230332541967773698/img/mWjzepRoh9rvQMSr.jpg', variants=[VideoVariant(contentType='video/mp4', url='https://video.twimg.com/amplify_video/1230332541967773698/vid/720x720/_m3OsVwqbTFMRqR6.mp4?tag=13', bitrate=1280000), VideoVariant(contentType='application/x-mpegURL', url='https://video.twimg.com/amplify_video/1230332541967773698/pl/uWHJ9CMI6xhl0DBC.m3u8?tag=13', bitrate=None), VideoVariant(contentType='video/mp4', url='https://video.twimg.com/amplify_video/1230332541967773698/vid/480x480/k235ap__zFbOHnWw.mp4?tag=13', bitrate=832000), VideoVariant(contentType='video/mp4', url='https://video.twimg.com/amplify_video/1230332541967773698/vid/320x320/Zd0U0PaIfmZrxjdt.mp4?tag=13', bitrate=432000)], duration=48.866, type='video')]",[],29,,94,625,,https://twitter.com/JoeBiden/status/1230332953395376129,1230332953395376129,1230332953395376129,0.9997479319572448,4.0567088035459165e-06,0.0002480715338606,MSFT,down
"John DiEleuterio had a huge heart and was a friend I counted on for over 50 years. As a Colonel in the National Guard and as the State Director in my Senate office, John served our country with dignity and distinction. Jill and I send our condolences to Maureen and his family.",Thu Feb 06 20:46:38 +0000 2020,2020-02-06 20:46:38+00:00,1365,,[],9,,60,252,,https://twitter.com/JoeBiden/status/1225521202292236288,1225521202292236288,1225521202292236288,0.9988967180252076,0.0010096279438585,9.359972318634392e-05,MSFT,up
"From my childhood in Scranton, Pennsylvania, to the halls of the White House ‚Äî the middle-class values of hard work, respect, and decency have guided my entire life. It's time we brought those values back to the Oval Office. https://t.co/QUXgb4ghzm",Sat Feb 01 19:45:00 +0000 2020,2020-02-01 19:45:00+00:00,9470,"[Video(thumbnailUrl='https://pbs.twimg.com/media/EHlLMl4X0AAddkh.jpg', variants=[VideoVariant(contentType='application/x-mpegURL', url='https://video.twimg.com/amplify_video/1187062002738483200/pl/aa8oRZGPw0iPul56.m3u8?tag=13', bitrate=None), VideoVariant(contentType='video/mp4', url='https://video.twimg.com/amplify_video/1187062002738483200/vid/480x480/qi8bP4zDFOHb1hGg.mp4?tag=13', bitrate=832000), VideoVariant(contentType='video/mp4', url='https://video.twimg.com/amplify_video/1187062002738483200/vid/320x320/uQ69K9FPtTmj3VDu.mp4?tag=13', bitrate=432000), VideoVariant(contentType='video/mp4', url='https://video.twimg.com/amplify_video/1187062002738483200/vid/720x720/pPxJUcpbHOI376R8.mp4?tag=13', bitrate=1280000)], duration=170.212, type='video')]",[],234,,837,2837,,https://twitter.com/JoeBiden/status/1223693751740010496,1223693751740010496,1223693751740010496,0.9999759197235109,2.8545318855321966e-06,2.1223975636530668e-05,MSFT,up
The true character of a person is revealed in the Oval Office. We saw it with President Obama. We're seeing it with President Trump ‚Äî and what we've witnessed from this president over the last three years makes clear that we can't give him another four. https://t.co/SEb3XztnKI,Thu Jan 30 01:50:00 +0000 2020,2020-01-30 01:50:00+00:00,15997,"[Video(thumbnailUrl='https://pbs.twimg.com/media/EPfisMBWkAIFLVs.jpg', variants=[VideoVariant(contentType='video/mp4', url='https://video.twimg.com/amplify_video/1222694644020060160/vid/720x720/VQTa-RuRYi0CIRDQ.mp4?tag=13', bitrate=1280000), VideoVariant(contentType='application/x-mpegURL', url='https://video.twimg.com/amplify_video/1222694644020060160/pl/fxomWVnTKlvjvGHi.m3u8?tag=13', bitrate=None), VideoVariant(contentType='video/mp4', url='https://video.twimg.com/amplify_video/1222694644020060160/vid/320x320/LN4xfz0Iq9YWAonL.mp4?tag=13', bitrate=432000), VideoVariant(contentType='video/mp4', url='https://video.twimg.com/amplify_video/1222694644020060160/vid/480x480/bt_LG2BlfQw-T9_F.mp4?tag=13', bitrate=832000)], duration=60.06, type='video')]",[],321,,1088,4080,,https://twitter.com/JoeBiden/status/1222698443463782400,1222698443463782400,1222698443463782400,0.999980926513672,2.918070549640106e-06,1.616092777112499e-05,MSFT,neutral
"No family in search of a better life should be denied permanent residency because they don't meet Donald Trump's wealth test.

The United States of America should be open and welcome to all ‚Äî not just the wealthy. https://t.co/ocJREvqcQd",Tue Jan 28 02:45:51 +0000 2020,2020-01-28 02:45:51+00:00,6025,,['https://twitter.com/GregStohr/status/1221861932929601536'],105,https://twitter.com/GregStohr/status/1221861932929601536,604,1478,,https://twitter.com/JoeBiden/status/1221987724095361024,1221987724095361024,1221987724095361024,0.9995287656784058,0.0004480813222471,2.3139278710004877e-05,GOOGL,neutral
"The stakes of this election couldn‚Äôt be higher. Every day that Donald Trump sits in the Oval Office, he poses a threat to America and the world. We have to beat him. https://t.co/yaf8S3gEF1",Fri Jan 24 20:58:00 +0000 2020,2020-01-24 20:58:00+00:00,4176,"[Video(thumbnailUrl='https://pbs.twimg.com/media/EPEyN4uWkAMTLHF.jpg', variants=[VideoVariant(contentType='application/x-mpegURL', url='https://video.twimg.com/amplify_video/1220811889489387520/pl/bH2B2R9apGFnxSl1.m3u8?tag=13', bitrate=None), VideoVariant(contentType='video/mp4', url='https://video.twimg.com/amplify_video/1220811889489387520/vid/720x720/yY9qn3CRAGnj4TH1.mp4?tag=13', bitrate=1280000), VideoVariant(contentType='video/mp4', url='https://video.twimg.com/amplify_video/1220811889489387520/vid/480x480/r9FbeE3BRNuEtweW.mp4?tag=13', bitrate=832000), VideoVariant(contentType='video/mp4', url='https://video.twimg.com/amplify_video/1220811889489387520/vid/320x320/Xj0N8I5Nw0J8wsdW.mp4?tag=13', bitrate=432000)], duration=15.015, type='video')]",[],78,,612,1099,,https://twitter.com/JoeBiden/status/1220813019917111297,1220813019917111297,1220813019917111297,0.0070256679318845,3.535185896907933e-05,0.992938995361328,MSFT,down
From my days as a public defender to my time as Vice President ‚Äî I've spent my entire career fighting against discrimination and championing civil rights. I'm running for president to bring that fight to the Oval Office and give everyone a full share of the American dream. https://t.co/y015JDgrti,Tue Jan 21 00:20:00 +0000 2020,2020-01-21 00:20:00+00:00,6238,"[Video(thumbnailUrl='https://pbs.twimg.com/media/EOwzPgOX0AEh5fe.jpg', variants=[VideoVariant(contentType='application/x-mpegURL', url='https://video.twimg.com/amplify_video/1219401620741640192/pl/D6KFo95uOHAstvZc.m3u8?tag=13', bitrate=None), VideoVariant(contentType='video/mp4', url='https://video.twimg.com/amplify_video/1219401620741640192/vid/480x480/V_6XzsIm6wiasLiw.mp4?tag=13', bitrate=832000), VideoVariant(contentType='video/mp4', url='https://video.twimg.com/amplify_video/1219401620741640192/vid/320x320/YgzVdZFfLOipX3ze.mp4?tag=13', bitrate=432000), VideoVariant(contentType='video/mp4', url='https://video.twimg.com/amplify_video/1219401620741640192/vid/720x720/l2NsUDyfL4ecRxRU.mp4?tag=13', bitrate=1280000)], duration=30.072, type='video')]",[],110,,771,1586,,https://twitter.com/JoeBiden/status/1219414303469522945,1219414303469522945,1219414303469522945,0.999958634376526,3.222970190108754e-05,9.18819750950206e-06,MSFT,neutral
We need a president who respects our troops ‚Äî and who will restore honor and integrity to the Oval Office. https://t.co/q9o1dUJ00h,Fri Jan 17 22:54:54 +0000 2020,2020-01-17 22:54:54+00:00,4010,"[Video(thumbnailUrl='https://pbs.twimg.com/media/EOhKwz8WsAAGKJw.jpg', variants=[VideoVariant(contentType='video/mp4', url='https://video.twimg.com/ext_tw_video/1218305641669963776/pu/vid/480x480/qe-H0q4QS7RqbV7-.mp4?tag=10', bitrate=832000), VideoVariant(contentType='video/mp4', url='https://video.twimg.com/ext_tw_video/1218305641669963776/pu/vid/720x720/ccTvO8JsScZg59Bh.mp4?tag=10', bitrate=1280000), VideoVariant(contentType='application/x-mpegURL', url='https://video.twimg.com/ext_tw_video/1218305641669963776/pu/pl/-8LVCTmBpJV4lO25.m3u8?tag=10', bitrate=None), VideoVariant(contentType='video/mp4', url='https://video.twimg.com/ext_tw_video/1218305641669963776/pu/vid/320x320/OiidZamwRAoWC3tj.mp4?tag=10', bitrate=432000)], duration=30.03, type='video')]",[],68,,322,898,,https://twitter.com/JoeBiden/status/1218305723706363913,1218305723706363913,1218305640042504192,0.9999264478683472,5.012720066588372e-05,2.3318296371144243e-05,MSFT,neutral
"Donald Trump says he prefers war heroes who ""weren't captured."" He attacks Gold Star families. Now he calls our generals ‚Äúlosers,"" ‚Äúbabies‚Äù and ‚Äúdopes.""

He degrades the office he holds every day. https://t.co/mvLLdHCzRz",Fri Jan 17 22:54:34 +0000 2020,2020-01-17 22:54:34+00:00,15355,,['https://www.washingtonpost.com/politics/youre-a-bunch-of-dopes-and-babies-inside-trumps-stunning-tirade-against-generals/2020/01/16/d6dbb8a6-387e-11ea-bb7b-265f4554af6d_story.html'],347,,972,4545,,https://twitter.com/JoeBiden/status/1218305640042504192,1218305640042504192,1218305640042504192,0.9998339414596558,1.8582066331873648e-05,0.0001474785240134,MSFT,neutral
Facebook continues to put their profits over the truth ‚Äî allowing politicians like Donald Trump to spend an unthinkable amount of money on paid disinformation. Our democracy is worse off for their failure to confront this. https://t.co/sKaAjHsKc7,Thu Jan 09 19:44:07 +0000 2020,2020-01-09 19:44:07+00:00,6206,,['https://twitter.com/washingtonpost/status/1215227016838029313'],134,https://twitter.com/washingtonpost/status/1215227016838029313,574,1981,,https://twitter.com/JoeBiden/status/1215358611024678913,1215358611024678913,1215358611024678913,0.0386456921696662,0.0002225446660304,0.961131751537323,META,neutral
"If you're a teacher or a firefighter, you're probably paying more in taxes than Amazon or Netflix. We've got to make sure corporations pay their fair share.",Thu Jan 02 23:01:00 +0000 2020,2020-01-02 23:01:00+00:00,16159,,[],204,,833,2635,,https://twitter.com/JoeBiden/status/1212871441093255168,1212871441093255168,1212871441093255168,0.9986024498939514,0.0013454583240672,5.214545672060922e-05,NFLX,neutral
"I want to clarify something I said yesterday. In my 40 years in public life, I have always complied with a lawful order and in my eight years as VP, my office ‚Äî unlike Donald Trump and Mike Pence ‚Äî cooperated with legitimate congressional oversight requests.",Sat Dec 28 15:33:06 +0000 2019,2019-12-28 15:33:06+00:00,44448,,[],1297,,5058,7749,,https://twitter.com/JoeBiden/status/1210946785847468033,1210946785847468033,1210946785847468033,0.999222993850708,0.0003591378335841,0.0004179114184807,MSFT,neutral
We need to restore integrity to the office of the Presidency. And it's time we got that underway. #DemDebate https://t.co/ZZMLhU3CQi,Fri Dec 20 01:45:29 +0000 2019,2019-12-20 01:45:29+00:00,1034,"[Video(thumbnailUrl='https://pbs.twimg.com/amplify_video_thumb/1207839156455591936/img/YbXbReq9ECTfFBbc.jpg', variants=[VideoVariant(contentType='video/mp4', url='https://video.twimg.com/amplify_video/1207839156455591936/vid/720x720/RlF6y7agWX-2cAUO.mp4?tag=13', bitrate=1280000), VideoVariant(contentType='video/mp4', url='https://video.twimg.com/amplify_video/1207839156455591936/vid/320x320/-w0tcJaZvz-tOcQD.mp4?tag=13', bitrate=432000), VideoVariant(contentType='video/mp4', url='https://video.twimg.com/amplify_video/1207839156455591936/vid/480x480/bUqD8Fn5X4sQfP4X.mp4?tag=13', bitrate=832000), VideoVariant(contentType='application/x-mpegURL', url='https://video.twimg.com/amplify_video/1207839156455591936/pl/wtWDWVuzvs-EapJ8.m3u8?tag=13', bitrate=None)], duration=47.881, type='video')]",[],17,,129,233,,https://twitter.com/JoeBiden/status/1207839405504974853,1207839405504974853,1207839405504974853,0.9994242191314696,8.035715291043743e-05,0.0004955230979248,MSFT,neutral
"President Trump abused his power, violated his oath of office, and betrayed our nation. This is a solemn moment for our country. But in the United States of America, no one is above the law ‚Äî not even the President.",Thu Dec 19 01:53:31 +0000 2019,2019-12-19 01:53:31+00:00,57847,,[],710,,2757,9380,,https://twitter.com/JoeBiden/status/1207479041256755201,1207479041256755201,1207479041256755201,0.1667439639568328,0.0061977566219866,0.8270582556724548,MSFT,neutral
"Every day that Donald Trump sits in the Oval Office, he proves how morally unfit he is to lead our country. We must make him a one-term president.",Wed Dec 18 01:08:00 +0000 2019,2019-12-18 01:08:00+00:00,38122,,[],429,,2551,5665,,https://twitter.com/JoeBiden/status/1207105195655585792,1207105195655585792,1207105195655585792,0.9987390637397766,5.7394667237531394e-05,0.0012035320978611,MSFT,neutral
"Amazon, Netflix, General Motors, Chevron, Starbucks, and 86 other corporations paid less in federal income taxes than you did last year. It's wrong ‚Äî and it needs to end.

It's time corporations pay their fair share. https://t.co/kdixyRIilp",Tue Dec 17 02:40:00 +0000 2019,2019-12-17 02:40:00+00:00,21314,,['https://www.cnbc.com/2019/12/16/these-91-fortune-500-companies-didnt-pay-federal-taxes-in-2018.html'],389,,1279,5914,,https://twitter.com/JoeBiden/status/1206765960285184000,1206765960285184000,1206765960285184000,0.9999825954437256,3.4958679862029385e-06,1.3925197890785055e-05,NFLX,up
"I believe these impeachment hearings will conclude that Donald Trump is a threat to our national security. Every day he sits in the Oval Office is a dangerous day for the U.S.

If you agree, chip in to help us make Donald Trump a one-term president: https://t.co/6JQ0ZLPPku https://t.co/pHsFeeAlt0",Fri Nov 15 18:44:00 +0000 2019,2019-11-15 18:44:00+00:00,6476,"[Video(thumbnailUrl='https://pbs.twimg.com/amplify_video_thumb/1195410714388783105/img/J05T55hn3Lr6Xcrq.jpg', variants=[VideoVariant(contentType='application/x-mpegURL', url='https://video.twimg.com/amplify_video/1195410714388783105/pl/p6X887f5dunmnOmN.m3u8?tag=13', bitrate=None), VideoVariant(contentType='video/mp4', url='https://video.twimg.com/amplify_video/1195410714388783105/vid/480x480/6fM8vTZblL7WRKLK.mp4?tag=13', bitrate=832000), VideoVariant(contentType='video/mp4', url='https://video.twimg.com/amplify_video/1195410714388783105/vid/320x320/5SYkyWCvUckeTE-l.mp4?tag=13', bitrate=432000), VideoVariant(contentType='video/mp4', url='https://video.twimg.com/amplify_video/1195410714388783105/vid/720x720/usdWvB5QGIomcNji.mp4?tag=13', bitrate=1280000)], duration=27.402, type='video')]",['https://joe.link/2QlqQ7C'],414,,4743,1324,,https://twitter.com/JoeBiden/status/1195412147343261696,1195412147343261696,1195412147343261696,0.7704949378967285,0.0001264523307327,0.2293785810470581,MSFT,neutral
This ugly ideology has no place in America‚Äîit is both offensive and dangerous that it has taken root in the White House. Stephen Miller must go now. Then we must ensure Trump is shown the door in 2020‚Äîand that his hateful ideology never again is given a voice in the Oval Office.,Fri Nov 15 03:20:59 +0000 2019,2019-11-15 03:20:59+00:00,1717,,[],17,,150,321,,https://twitter.com/JoeBiden/status/1195179861796626432,1195179861796626432,1195179601053601792,0.9973750114440918,9.029206557897852e-05,0.0025347124319523,MSFT,neutral
"President Trump's erratic, impulsive decisions threaten our national security and set our world on edge. Every day that he sits in the Oval Office is a dangerous day for the United States. https://t.co/QcUR5hVCdJ",Wed Nov 13 00:30:00 +0000 2019,2019-11-13 00:30:00+00:00,6644,"[Video(thumbnailUrl='https://pbs.twimg.com/media/EJNV-fwXkAA6ue8.jpg', variants=[VideoVariant(contentType='video/mp4', url='https://video.twimg.com/amplify_video/1194392377496162304/vid/720x720/qL-BUTq-YS01BWwS.mp4?tag=13', bitrate=1280000), VideoVariant(contentType='video/mp4', url='https://video.twimg.com/amplify_video/1194392377496162304/vid/480x480/_OllzD1B00o2528s.mp4?tag=13', bitrate=832000), VideoVariant(contentType='application/x-mpegURL', url='https://video.twimg.com/amplify_video/1194392377496162304/pl/XBhZ3VYpBS0sUrtF.m3u8?tag=13', bitrate=None), VideoVariant(contentType='video/mp4', url='https://video.twimg.com/amplify_video/1194392377496162304/vid/320x320/ksCJCfJvIA_SRNwz.mp4?tag=13', bitrate=432000)], duration=30.03, type='video')]",[],119,,636,1415,,https://twitter.com/JoeBiden/status/1194412057560436737,1194412057560436737,1194412057560436737,0.003837436903268,2.9399507184280083e-05,0.9961332082748412,MSFT,neutral
Donald Trump has violated his oath of office and betrayed our nation. He should be impeached. https://t.co/4YWvi0HLxh,Tue Nov 12 04:28:05 +0000 2019,2019-11-12 04:28:05+00:00,11643,"[Video(thumbnailUrl='https://pbs.twimg.com/media/EJJUIRXXsAEkqyI.jpg', variants=[VideoVariant(contentType='video/mp4', url='https://video.twimg.com/amplify_video/1194108915828563969/vid/320x320/xX5XbJ5p0dLgnj3r.mp4?tag=13', bitrate=432000), VideoVariant(contentType='video/mp4', url='https://video.twimg.com/amplify_video/1194108915828563969/vid/480x480/duU4x9-OYXyTeQEP.mp4?tag=13', bitrate=832000), VideoVariant(contentType='application/x-mpegURL', url='https://video.twimg.com/amplify_video/1194108915828563969/pl/BOnG69MB24YdFoK8.m3u8?tag=13', bitrate=None), VideoVariant(contentType='video/mp4', url='https://video.twimg.com/amplify_video/1194108915828563969/vid/720x720/ow59CZ9RYgp0cwNC.mp4?tag=13', bitrate=1280000)], duration=79.162, type='video')]",[],150,,830,2309,,https://twitter.com/JoeBiden/status/1194109586594312192,1194109586594312192,1194109586594312192,0.9961130619049072,0.0008449560264125,0.0030419377144426,MSFT,up
"Every day that Donald Trump sits in the Oval Office, he proves how unfit he is to lead our country. We cannot give him eight years in the White House.",Thu Nov 07 01:30:00 +0000 2019,2019-11-07 01:30:00+00:00,34317,,[],334,,1856,4147,,https://twitter.com/JoeBiden/status/1192252830276415488,1192252830276415488,1192252830276415488,0.9987452030181884,1.922518777064397e-06,0.0012528162915259,MSFT,neutral
"We must get Donald Trump out of office. Once we do, the road is clear for significant change. #LJ19 https://t.co/OdaH2JXoik",Sat Nov 02 02:12:48 +0000 2019,2019-11-02 02:12:48+00:00,6742,"[Video(thumbnailUrl='https://pbs.twimg.com/media/EIVVUrrXYAE9OVl.jpg', variants=[VideoVariant(contentType='video/mp4', url='https://video.twimg.com/amplify_video/1190448457296875521/vid/1280x720/srGyvcmz7fQL-p_n.mp4?tag=13', bitrate=2176000), VideoVariant(contentType='video/mp4', url='https://video.twimg.com/amplify_video/1190448457296875521/vid/640x360/siRiWTxgnYcylB23.mp4?tag=13', bitrate=832000), VideoVariant(contentType='video/mp4', url='https://video.twimg.com/amplify_video/1190448457296875521/vid/480x270/lLjwRcnVUA7gsHQl.mp4?tag=13', bitrate=288000), VideoVariant(contentType='application/x-mpegURL', url='https://video.twimg.com/amplify_video/1190448457296875521/pl/N7xQ3WKdCZPdFaD-.m3u8?tag=13', bitrate=None)], duration=35.168, type='video')]",[],119,,802,1177,,https://twitter.com/JoeBiden/status/1190451661887672320,1190451661887672320,1190451661887672320,0.9999353885650636,5.226499979471555e-06,5.935527224210091e-05,MSFT,neutral
"I did. It made clear that you pressured a foreign government to interfere in our political process on your behalf. You violated your oath of office and betrayed our nation.

You should be impeached. https://t.co/NrM2mmjzuo",Fri Nov 01 00:21:50 +0000 2019,2019-11-01 00:21:50+00:00,69149,,['https://twitter.com/realDonaldTrump/status/1189897137984876545'],619,https://twitter.com/realDonaldTrump/status/1189897137984876545,2772,11342,,https://twitter.com/JoeBiden/status/1190061350803951617,1190061350803951617,1190061350803951617,0.9500061273574828,0.0016702950233593,0.0483236014842987,MSFT,neutral
"Every day that Donald Trump sits in the Oval Office is a dangerous day for the United States. His erratic, impulsive decisions threaten our standing in the world and make us all less safe. https://t.co/8FqfCPE7Rv",Wed Oct 30 00:25:00 +0000 2019,2019-10-30 00:25:00+00:00,4439,,['https://www.washingtonpost.com/opinions/2019/10/29/joe-biden-says-trump-has-no-foreign-policy-interview/#click=https://t.co/GapWrhCv04'],73,,530,848,,https://twitter.com/JoeBiden/status/1189337368894918656,1189337368894918656,1189337368894918656,0.002983902581036,5.272257840260863e-05,0.9969633221626282,MSFT,neutral
"The Russian Facebook trolls are back ‚Äî and this time, they're going after my campaign. We cannot let 2016 repeat itself.

Chip in $5 to our rapid response fund to help us fight back against their lies and foreign interference in our elections: https://t.co/6ehaYAjgxA https://t.co/9Zllaa9a5U",Mon Oct 21 23:16:24 +0000 2019,2019-10-21 23:16:24+00:00,3901,,"['https://joe.link/31zCT39', 'https://twitter.com/cnnbrk/status/1186329632351686656']",268,https://twitter.com/cnnbrk/status/1186329632351686656,1291,1326,,https://twitter.com/JoeBiden/status/1186421004270297088,1186421004270297088,1186421004270297088,0.9998276233673096,1.2624637747649103e-05,0.0001596938236616,META,neutral
"Donald Trump has asked three foreign governments to interfere in our elections on his behalf. In full view of the American people, he has violated his oath of office and betrayed our nation.

He must be impeached.",Mon Oct 21 00:28:00 +0000 2019,2019-10-21 00:28:00+00:00,67958,,[],695,,3247,11926,,https://twitter.com/JoeBiden/status/1186076633100406784,1186076633100406784,1186076633100406784,0.7048001885414124,0.0024839043617248,0.2927159070968628,MSFT,neutral
Hosting the G7 at Trump‚Äôs hotel? A president should never be able to use the office for personal gain.,Sun Oct 20 00:12:00 +0000 2019,2019-10-20 00:12:00+00:00,45250,,[],653,,3260,5036,,https://twitter.com/JoeBiden/status/1185710218828603392,1185710218828603392,1185710218828603392,0.9998824596405028,4.079470727447188e-06,0.0001134911944973,MSFT,neutral
"Philadelphia's office cleaners work hard every day to keep the city's buildings clean. They deserve the dignity that comes with a living wage, access to health care, and a secure retirement. I stand with @32BJSEIU cleaners in their fight for a fair contract. #BuildingJustice",Tue Oct 15 23:01:00 +0000 2019,2019-10-15 23:01:00+00:00,1190,,[],12,,112,233,,https://twitter.com/JoeBiden/status/1184242799710859264,1184242799710859264,1184242799710859264,0.999890685081482,9.840075654210524e-05,1.082017752196407e-05,MSFT,neutral
"In full view of the American people, Donald Trump has violated his oath of office and betrayed this nation. He must be impeached. https://t.co/ivRAqnHHZb",Thu Oct 10 14:40:00 +0000 2019,2019-10-10 14:40:00+00:00,32086,"[Video(thumbnailUrl='https://pbs.twimg.com/media/EGhi7-bXYAA3JqA.jpg', variants=[VideoVariant(contentType='application/x-mpegURL', url='https://video.twimg.com/amplify_video/1182303160637018112/pl/JVtqlb-G-DSv9lXN.m3u8?tag=13', bitrate=None), VideoVariant(contentType='video/mp4', url='https://video.twimg.com/amplify_video/1182303160637018112/vid/480x480/-u6_d-4J-p3BAokP.mp4?tag=13', bitrate=832000), VideoVariant(contentType='video/mp4', url='https://video.twimg.com/amplify_video/1182303160637018112/vid/720x720/7cUkH18pNSOhimki.mp4?tag=13', bitrate=1280000), VideoVariant(contentType='video/mp4', url='https://video.twimg.com/amplify_video/1182303160637018112/vid/320x320/cqlWezO5fGPAjrJS.mp4?tag=13', bitrate=432000)], duration=63.272, type='video')]",[],512,,1757,7151,,https://twitter.com/JoeBiden/status/1182304779692691456,1182304779692691456,1182304779692691456,0.9976732134819032,9.040290751727298e-05,0.0022364086471498,MSFT,neutral
President Trump continuously dishonors everything it means to hold the office of President of the United States of America. We must make him a one-term president.,Sun Oct 06 20:41:00 +0000 2019,2019-10-06 20:41:00+00:00,70548,,[],822,,4306,10595,,https://twitter.com/JoeBiden/status/1180946076590886912,1180946076590886912,1180946076590886912,0.999971866607666,5.577006049861666e-06,2.2490363335236907e-05,MSFT,neutral
"Every day, more evidence is uncovered revealing that Trump is abusing the power of the presidency and is wholly unfit to be president. He is using the highest office in the land to advance his personal, political interests instead of the national interest.
https://t.co/NNpDITpwBV",Sun Oct 06 01:18:59 +0000 2019,2019-10-06 01:18:59+00:00,11318,,['https://www.washingtonpost.com/opinions/joe-biden-trump-wont-destroy-me-and-he-wont-destroy-my-family/2019/10/05/9544b9a4-e7cc-11e9-a6e8-8759c5c7f608_story.html'],194,,1152,2618,,https://twitter.com/JoeBiden/status/1180653646142476288,1180653646142476288,1180653646142476288,0.9999654293060304,2.370466427237261e-05,1.0890079465752931e-05,MSFT,neutral
"This is who Donald Trump is.

A president who abuses the power of the Oval Office to win re-election, turns his back on the fight for democracy in Hong Kong, and puts his own self-interest above the public good.

We have to show the world who we are. https://t.co/Bn24RHqQua",Fri Oct 04 18:53:38 +0000 2019,2019-10-04 18:53:38+00:00,19649,,['https://twitter.com/CNN/status/1179895777948311553'],245,https://twitter.com/CNN/status/1179895777948311553,1322,4491,,https://twitter.com/JoeBiden/status/1180194280536707072,1180194280536707072,1180194280536707072,0.9998144507408142,3.090588143095374e-05,0.0001546989806229,MSFT,neutral
"Mr. President, you cannot extort foreign governments to help you win re-election. It‚Äôs an abuse of power. It violates your oath of office. And it jeopardizes our national security. I know you want to rig the primary and pick your opponent, but I‚Äôm not going anywhere. https://t.co/LZQ8W3fmU6",Thu Oct 03 19:47:09 +0000 2019,2019-10-03 19:47:09+00:00,48996,,['https://twitter.com/CNNPolitics/status/1179770264982302720'],711,https://twitter.com/CNNPolitics/status/1179770264982302720,2815,9621,,https://twitter.com/JoeBiden/status/1179845362506448897,1179845362506448897,1179845362506448897,0.0508188158273696,0.0001928862911881,0.9489883184432985,MSFT,up
"We are not a country that detains migrant children indefinitely or denies them access to soap, toothbrushes, or beds.

We are a country that welcomes those in search of a better life‚Äîthe tired, the poor, the huddled masses yearning to breathe free.

Trump doesn't get that. https://t.co/g6JoyGaHrb",Fri Sep 27 22:58:26 +0000 2019,2019-09-27 22:58:26+00:00,10532,,['https://twitter.com/nytimes/status/1177691663944359936'],380,https://twitter.com/nytimes/status/1177691663944359936,1060,2228,,https://twitter.com/JoeBiden/status/1177719172513615872,1177719172513615872,1177719172513615872,0.9999572038650512,3.401017966098152e-05,8.862149115884677e-06,GOOGL,neutral
"Donald Trump pressured Ukraine to manufacture a smear against a domestic political opponent ‚Äî the ‚Äútranscript‚Äù made that clear. It‚Äôs an abuse of power that violates the oath of office and undermines our democracy.

Congress must hold him accountable.",Thu Sep 26 00:42:00 +0000 2019,2019-09-26 00:42:00+00:00,40286,,[],411,,2678,6350,,https://twitter.com/JoeBiden/status/1177020459767873536,1177020459767873536,1177020459767873536,0.1912533193826675,0.013528280891478,0.7952184081077576,MSFT,neutral
President Trump's actions are an abuse of power. They undermine our national security. They violate the oath of office. If we allow a President to get away with shredding the United States Constitution ‚Äî that will last forever.,Tue Sep 24 20:25:34 +0000 2019,2019-09-24 20:25:34+00:00,48822,,[],531,,2564,7646,,https://twitter.com/JoeBiden/status/1176593538617884673,1176593538617884673,1176593538617884673,0.0001622202980797,0.0002549645723775,0.999582827091217,MSFT,neutral
"Jill and I are heartbroken at the passing of Dr. Emily Clyburn. She was a remarkable woman ‚Äî an activist and community leader, a true partner throughout Jim's career in public office. Jim and the entire Clyburn family are in our hearts during this time of grief. https://t.co/1DXYCSLgG1",Thu Sep 19 17:10:00 +0000 2019,2019-09-19 17:10:00+00:00,841,"[Photo(previewUrl='https://pbs.twimg.com/media/EE17-i3XYAEyGHw?format=jpg&name=small', fullUrl='https://pbs.twimg.com/media/EE17-i3XYAEyGHw?format=jpg&name=large', type='photo')]",[],5,,25,169,,https://twitter.com/JoeBiden/status/1174732383066542084,1174732383066542084,1174732383066542084,0.9079816341400146,0.091395191848278,0.0006230894359759,MSFT,neutral
"The Obama-Biden Administration did NOT prosecute asylum seekers, or those coming here in search of opportunity. #DemDebate",Fri Sep 13 01:19:24 +0000 2019,2019-09-13 01:19:24+00:00,750,,[],7,,43,147,,https://twitter.com/JoeBiden/status/1172318832527953921,1172318832527953921,1172318829034139650,0.9886243343353271,0.0005665127537213,0.0108091076835989,GOOGL,neutral
A man whose erratic tweets send markets spiraling downward should not be sitting in the Oval Office. https://t.co/8UHEaYlAtI,Fri Aug 23 22:25:00 +0000 2019,2019-08-23 22:25:00+00:00,14989,,['https://www.cnn.com/2019/08/23/investing/dow-stock-market-today/index.html'],224,,1002,3126,,https://twitter.com/JoeBiden/status/1165027183259078656,1165027183259078656,1165027183259078656,0.9993396401405334,5.343574684957275e-06,0.0006550379330292,MSFT,neutral
Firefighters face danger every day to protect our communities‚Äîwe must be there for them in their time of need. Our thoughts are with the families of Justin and Brian as the search continues‚Äîand we thank those working tirelessly to bring their brothers home.,Thu Aug 22 16:35:00 +0000 2019,2019-08-22 16:35:00+00:00,1197,,[],4,,37,195,,https://twitter.com/JoeBiden/status/1164576714938171392,1164576714938171392,1164576714938171392,0.5155865550041199,0.3574628531932831,0.126950517296791,GOOGL,down
"Mr. President, these comments are insulting and inexcusable‚Äîjust like your previous dual loyalty insinuations. Stop dividing Americans and disparaging your fellow citizens. It may not be beneath you, but it is beneath the office you hold. https://t.co/THZCPJCY5v",Wed Aug 21 03:18:20 +0000 2019,2019-08-21 03:18:20+00:00,20396,,['https://twitter.com/MSNBC/status/1163908832990507009'],286,https://twitter.com/MSNBC/status/1163908832990507009,1165,4005,,https://twitter.com/JoeBiden/status/1164013840578883585,1164013840578883585,1164013840578883585,0.9998469352722168,9.12381619855296e-06,0.0001438535982742,MSFT,down
"Every day President Trump proves how morally unfit he is to sit in the Oval Office. A president should bring out our best as Americans ‚Äî not echo schoolyard bullies with taunts based on physical appearance.
https://t.co/TKfog6NMNz",Fri Aug 16 19:55:00 +0000 2019,2019-08-16 19:55:00+00:00,11735,,['https://www.washingtonpost.com/nation/2019/08/16/trump-weight-exercise-heckler-rally/'],259,,1065,2424,,https://twitter.com/JoeBiden/status/1162452719161921538,1162452719161921538,1162452719161921538,0.8656580448150635,0.1343197077512741,2.2302501747617495e-05,"MSFT,AMZN",up
"Two years after Charlottesville, we have a problem with this rising tide of white supremacy in America. And we have a president who encourages and emboldens it. But if we stand together in opposing it, we will win the battle for the soul of this nation. https://t.co/7X6nSZMyQT",Mon Aug 12 13:05:55 +0000 2019,2019-08-12 13:05:55+00:00,9962,"[Video(thumbnailUrl='https://pbs.twimg.com/media/EBxXhN8WwAIOH-9.jpg', variants=[VideoVariant(contentType='video/mp4', url='https://video.twimg.com/amplify_video/1160898099516248066/vid/480x270/0ZscnwO2MfAXqWFV.mp4?tag=13', bitrate=288000), VideoVariant(contentType='video/mp4', url='https://video.twimg.com/amplify_video/1160898099516248066/vid/640x360/g7lC7JTUeRWjNIII.mp4?tag=13', bitrate=832000), VideoVariant(contentType='video/mp4', url='https://video.twimg.com/amplify_video/1160898099516248066/vid/1280x720/PP-c5B4xXnMBM2fz.mp4?tag=13', bitrate=2176000), VideoVariant(contentType='application/x-mpegURL', url='https://video.twimg.com/amplify_video/1160898099516248066/pl/kgxkiwJbUs9Zr7eI.m3u8?tag=13', bitrate=None)], duration=78.87, type='video')]",[],194,,908,2360,,https://twitter.com/JoeBiden/status/1160900220756156417,1160900220756156417,1160900220756156417,0.6087721586227417,0.0032069084700196,0.3880208730697632,PG,neutral
"Let's be very clear. You use the office of the presidency to encourage and embolden white supremacy. You use words like ""infestation"" and ""invasion"" to talk about human beings. We won't truly speak with one voice against hatred until your voice is no longer in the White House. https://t.co/CW3wxxTm2E",Mon Aug 05 16:14:02 +0000 2019,2019-08-05 16:14:02+00:00,31659,,['https://twitter.com/WhiteHouse45/status/1158387475804577793'],564,https://twitter.com/WhiteHouse45/status/1158387475804577793,2689,6789,,https://twitter.com/JoeBiden/status/1158410845854081025,1158410845854081025,1158410845854081025,0.9998564720153807,4.995028211851604e-05,9.360088733956218e-05,MSFT,up
.@TheRevAl is a champion in the fight for civil rights. The fact that President Trump continues to use the power of the presidency to unleash racist attacks on the people he serves is despicable. This hate has no place in our country. It's beneath the dignity of the office.,Mon Jul 29 21:01:00 +0000 2019,2019-07-29 21:01:00+00:00,5777,,[],400,,2077,1098,,https://twitter.com/JoeBiden/status/1155946347280916480,1155946347280916480,1155946347280916480,0.5043824911117554,0.493449330329895,0.002168093342334,MSFT,down
.@RepCummings is one of the finest people I‚Äôve ever served with. It is despicable for you to attack him and the people of Baltimore this way. Once again you have proved yourself unfit to hold the office. A President is supposed to lift this nation up. Not tear it down.,Sat Jul 27 18:02:02 +0000 2019,2019-07-27 18:02:02+00:00,53615,,[],847,,3577,9502,,https://twitter.com/JoeBiden/status/1155176535428460545,1155176535428460545,1155176535428460545,0.9288917779922484,0.0013711819192394,0.069737009704113,MSFT,neutral
This is simple. No candidate running for office should help foreign governments undermine our democracy. That includes the sitting President of the United States. Our elections should be decided by the American people ‚Äî not Vladimir Putin.,Fri Jun 14 14:42:27 +0000 2019,2019-06-14 14:42:27+00:00,4296,,[],47,,446,673,,https://twitter.com/JoeBiden/status/1139543628408328192,1139543628408328192,1139473225342214144,0.9999821186065674,1.7358289596813847e-06,1.6077734471764416e-05,MSFT,neutral
"We desperately need men and women of character in elected office. That's why next Tuesday, one week out from Election Day, I'm proud to join @tammybaldwin &amp; @Tony4WI at early vote rallies. RSVP here:

Madison: https://t.co/QSDArVzVQ1

Milwaukee https://t.co/d7AjlNl55I",Thu Oct 25 23:26:30 +0000 2018,2018-10-25 23:26:30+00:00,13205,,"['https://events.mobilizeamerica.io/friends-of-joe-biden/event/79627/', 'https://events.mobilizeamerica.io/friends-of-joe-biden/event/80216/']",93,,456,2650,,https://twitter.com/JoeBiden/status/1055601527518322688,1055601527518322688,1055601527518322688,0.9992632269859314,0.0007044987287372,3.23089916491881e-05,MSFT,up
"""When we took office, the unemployment rate was above 10%. It's now below 5%."" ‚ÄîVP Biden #Progress #votebluewi",Fri Nov 04 17:14:05 +0000 2016,2016-11-04 17:14:05+00:00,678,,[],15,,59,377,,https://twitter.com/JoeBiden/status/794588540113977345,794588540113977345,794585100059111424,0.9997864365577698,8.928023453336209e-05,0.0001242809812538,MSFT,up
One thing's clear: @TimKaine and Hillary have hardworking Americans' backs. The VP's office is in good hands. ‚ÄìJoe #VPDebate,Wed Oct 05 00:43:00 +0000 2016,2016-10-05 00:43:00+00:00,8758,,[],145,,397,2940,,https://twitter.com/JoeBiden/status/783467490684833793,783467490684833793,783467490684833793,0.6031327247619629,0.3961519002914428,0.0007153984624892,MSFT,neutral
VP Biden is back in Philadelphia and taking over @TheDemocrats' Instagram from the campaign trail. Follow along: https://t.co/Tjybk1cUg7 https://t.co/u8tjeXlHQq,Tue Sep 27 17:44:38 +0000 2016,2016-09-27 17:44:38+00:00,1363,"[Photo(previewUrl='https://pbs.twimg.com/media/CtYMaTRXYAAFArA?format=jpg&name=small', fullUrl='https://pbs.twimg.com/media/CtYMaTRXYAAFArA?format=jpg&name=large', type='photo')]",['https://www.instagram.com/thedemocrats/'],28,,68,258,,https://twitter.com/JoeBiden/status/780825490244399111,780825490244399111,780825490244399111,0.9998451471328736,0.000104081518657,5.0822945922845975e-05,META,neutral
The VP is pro-selfie. RT @igorbobic: Biden taking a selfie with Mark Warner's daughter for her Instagram account http://t.co/NmFtXEuy0O,Tue Jan 06 20:54:53 +0000 2015,2015-01-06 20:54:53+00:00,425,"[Photo(previewUrl='https://pbs.twimg.com/media/B6sE7edIUAA7yUW?format=png&name=small', fullUrl='https://pbs.twimg.com/media/B6sE7edIUAA7yUW?format=png&name=large', type='photo')]",[],3,,77,245,,https://twitter.com/JoeBiden/status/552569014359425024,552569014359425024,552569014359425024,0.9998576641082764,8.274877473013476e-05,5.962057912256569e-05,META,neutral
Follow the VP on @instagram (grab some shades before checking out his first post!) http://t.co/HleMeJTjiS http://t.co/AlyjHYUJYF,Wed Apr 16 19:19:33 +0000 2014,2014-04-16 19:19:33+00:00,223,"[Photo(previewUrl='https://pbs.twimg.com/media/BlXbdXGCMAA__WC?format=png&name=small', fullUrl='https://pbs.twimg.com/media/BlXbdXGCMAA__WC?format=png&name=large', type='photo')]",['http://instagram.com/vp'],1,,24,126,,https://twitter.com/JoeBiden/status/456512234978414592,456512234978414592,456512234978414592,0.9999765157699584,8.866411917551886e-06,1.4610382095270324e-05,META,neutral
Dr. Biden stopped by an @OFA_MN field office last weekend to fire up volunteers: http://t.co/RqZAROtw,Wed Oct 24 20:15:52 +0000 2012,2012-10-24 20:15:52+00:00,22,,['http://OFA.BO/QZL7x8'],0,,12,29,,https://twitter.com/JoeBiden/status/261199349772611584,261199349772611584,261199349772611584,0.9969133138656616,5.4125889619172085e-06,0.0030811710748821,MSFT,neutral
"FACT: By the time Gov. Romney left office, more businesses were going out of business in Massachusetts than being created.",Tue Oct 23 01:40:56 +0000 2012,2012-10-23 01:40:56+00:00,123,,[],1,,61,1162,,https://twitter.com/JoeBiden/status/260556381571129344,260556381571129344,260556381571129344,0.9999912977218628,3.778711175073113e-07,8.318010259245057e-06,MSFT,neutral
‚ÄúHe‚Äôs not ready for prime time in terms of national security.‚Äù‚ÄîFormer Sec. of State Madeleine Albright on Mitt Romney: http://t.co/R49RAtxl,Mon Oct 22 15:53:16 +0000 2012,2012-10-22 15:53:16+00:00,38,,['http://OFA.BO/WHDMQv'],2,,31,143,,https://twitter.com/JoeBiden/status/260408488281403392,260408488281403392,260408488281403392,0.9998739957809448,6.828409368608845e-06,0.000119146767247,AMZN,down
Joe photo of the day: Provisioning an @OFA_FL field office in Orlando. http://t.co/QOoGIvG1,Sat Oct 20 22:33:57 +0000 2012,2012-10-20 22:33:57+00:00,266,"[Photo(previewUrl='https://pbs.twimg.com/media/A5rwqmWCQAA7ncy?format=jpg&name=small', fullUrl='https://pbs.twimg.com/media/A5rwqmWCQAA7ncy?format=jpg&name=large', type='photo')]",[],1,,176,439,,https://twitter.com/JoeBiden/status/259784543156977664,259784543156977664,259784543156977664,0.9998685121536256,3.735412246896885e-05,9.416482498636468e-05,MSFT,down
"""Iran is more isolated today than when we took office."" ‚ÄîVP Biden",Fri Oct 12 01:21:53 +0000 2012,2012-10-12 01:21:53+00:00,36,,[],2,,54,211,,https://twitter.com/JoeBiden/status/256565317348761600,256565317348761600,256565317348761600,0.9995972514152528,8.644849003758281e-06,0.0003940579772461,MSFT,neutral
Connect with the campaign on Facebook and get a free Obama-Biden car magnet! http://t.co/ZLohF0cE,Sun Sep 23 18:26:44 +0000 2012,2012-09-23 18:26:44+00:00,10,,['http://OFA.BO/Gsj9o1'],1,,12,36,,https://twitter.com/JoeBiden/status/249937863293149184,249937863293149184,249937863293149184,0.9928128123283386,0.0057938206009566,0.001393400132656,META,neutral
VP on Paul Ryan‚Äôs false claim about a GM plant closing: ‚ÄúThat plant in Janesville actually closed while President Bush was still in office.‚Äù,Fri Aug 31 19:30:47 +0000 2012,2012-08-31 19:30:47+00:00,14,,[],1,,43,83,,https://twitter.com/JoeBiden/status/241619057525280768,241619057525280768,241619057525280768,0.0014068696182221,2.9850380087736997e-05,0.9985633492469788,MSFT,neutral
‚ÄúWe expanded the number of children able to attend college‚Äî6 million to 9 million just since we've come to office‚Äîbecause of Pell Grants.‚Äù,Wed Aug 22 16:27:19 +0000 2012,2012-08-22 16:27:19+00:00,9,,[],2,,25,77,,https://twitter.com/JoeBiden/status/238311397832925184,238311397832925184,238311397832925184,0.4976468384265899,0.5023272633552551,2.5795028705033477e-05,MSFT,neutral
A moment in the Oval Office: http://t.co/C2iljUdS,Fri Jun 29 22:45:50 +0000 2012,2012-06-29 22:45:50+00:00,7,,['http://OFA.BO/msyAFT'],0,,4,14,,https://twitter.com/JoeBiden/status/218837711476363264,218837711476363264,218837711476363264,0.999912977218628,5.9377184697950725e-06,8.101163984974846e-05,MSFT,up
